Epoch,loss,val_loss,val_acc,val_f1
0,3.8174087774856122,0.4866953607648611,0.9004739336492891,0.8896672504378283
