Epoch,loss,val_loss,val_acc,val_f1
0,52.24901265240787,53.90625,0.6281479696348957,0.6298701298701298
