Epoch,loss,val_loss,val_acc,val_f1
0,54.11207254281205,54.1059027671814,0.4597156398104265,0.6298701298701298
1,54.21523876404494,54.1059027671814,0.4597156398104265,0.6298701298701298
2,54.21523876404494,54.1059027671814,0.4597156398104265,0.6298701298701298
3,54.21523876404494,54.1059027671814,0.4597156398104265,0.6298701298701298
